{"low": 672.5519865114809, "high": 7363.242411743988}
