{"low": 668.9669525961432, "high": 6379.1563055298275}
