{"low": 124.02967071533203, "high": 680.3828835899598}
